candidate_id,years_experience,skills,communication,notes
1,4,Java,good,Candidate #1 profile
2,5,JavaScript,strong,Candidate #2 profile
3,6,Go,clear,Candidate #3 profile
4,7,Rust,excellent,Candidate #4 profile
5,8,Python,good,Candidate #5 profile
6,9,Java,strong,Candidate #6 profile
7,10,JavaScript,clear,Candidate #7 profile
8,11,Go,excellent,Candidate #8 profile
9,12,Rust,good,Candidate #9 profile
10,3,Python,strong,Candidate #10 profile
11,4,Java,clear,Candidate #11 profile
12,5,JavaScript,excellent,Candidate #12 profile
13,6,Go,good,Candidate #13 profile
14,7,Rust,strong,Candidate #14 profile
15,8,Python,clear,Candidate #15 profile
16,9,Java,excellent,Candidate #16 profile
17,10,JavaScript,good,Candidate #17 profile
18,11,Go,strong,Candidate #18 profile
19,12,Rust,clear,Candidate #19 profile
20,3,Python,excellent,Candidate #20 profile
21,4,Java,good,Candidate #21 profile
22,5,JavaScript,strong,Candidate #22 profile
23,6,Go,clear,Candidate #23 profile
24,7,Rust,excellent,Candidate #24 profile
25,8,Python,good,Candidate #25 profile
26,9,Java,strong,Candidate #26 profile
27,10,JavaScript,clear,Candidate #27 profile
28,11,Go,excellent,Candidate #28 profile
29,12,Rust,good,Candidate #29 profile
30,3,Python,strong,Candidate #30 profile
31,4,Java,clear,Candidate #31 profile
32,5,JavaScript,excellent,Candidate #32 profile
33,6,Go,good,Candidate #33 profile
34,7,Rust,strong,Candidate #34 profile
35,8,Python,clear,Candidate #35 profile
36,9,Java,excellent,Candidate #36 profile
37,10,JavaScript,good,Candidate #37 profile
38,11,Go,strong,Candidate #38 profile
39,12,Rust,clear,Candidate #39 profile
40,3,Python,excellent,Candidate #40 profile
41,4,Java,good,Candidate #41 profile
42,5,JavaScript,strong,Candidate #42 profile
43,6,Go,clear,Candidate #43 profile
44,7,Rust,excellent,Candidate #44 profile
45,8,Python,good,Candidate #45 profile
46,9,Java,strong,Candidate #46 profile
47,10,JavaScript,clear,Candidate #47 profile
48,11,Go,excellent,Candidate #48 profile
49,12,Rust,good,Candidate #49 profile
50,3,Python,strong,Candidate #50 profile
51,4,Java,clear,Candidate #51 profile
52,5,JavaScript,excellent,Candidate #52 profile
53,6,Go,good,Candidate #53 profile
54,7,Rust,strong,Candidate #54 profile
55,8,Python,clear,Candidate #55 profile
56,9,Java,excellent,Candidate #56 profile
57,10,JavaScript,good,Candidate #57 profile
58,11,Go,strong,Candidate #58 profile
59,12,Rust,clear,Candidate #59 profile
60,3,Python,excellent,Candidate #60 profile
61,4,Java,good,Candidate #61 profile
62,5,JavaScript,strong,Candidate #62 profile
63,6,Go,clear,Candidate #63 profile
64,7,Rust,excellent,Candidate #64 profile
65,8,Python,good,Candidate #65 profile
66,9,Java,strong,Candidate #66 profile
67,10,JavaScript,clear,Candidate #67 profile
68,11,Go,excellent,Candidate #68 profile
69,12,Rust,good,Candidate #69 profile
70,3,Python,strong,Candidate #70 profile
71,4,Java,clear,Candidate #71 profile
72,5,JavaScript,excellent,Candidate #72 profile
73,6,Go,good,Candidate #73 profile
74,7,Rust,strong,Candidate #74 profile
75,8,Python,clear,Candidate #75 profile
76,9,Java,excellent,Candidate #76 profile
77,10,JavaScript,good,Candidate #77 profile
78,11,Go,strong,Candidate #78 profile
79,12,Rust,clear,Candidate #79 profile
80,3,Python,excellent,Candidate #80 profile
81,4,Java,good,Candidate #81 profile
82,5,JavaScript,strong,Candidate #82 profile
83,6,Go,clear,Candidate #83 profile
84,7,Rust,excellent,Candidate #84 profile
85,8,Python,good,Candidate #85 profile
86,9,Java,strong,Candidate #86 profile
87,10,JavaScript,clear,Candidate #87 profile
88,11,Go,excellent,Candidate #88 profile
89,12,Rust,good,Candidate #89 profile
90,3,Python,strong,Candidate #90 profile
91,4,Java,clear,Candidate #91 profile
92,5,JavaScript,excellent,Candidate #92 profile
93,6,Go,good,Candidate #93 profile
94,7,Rust,strong,Candidate #94 profile
95,8,Python,clear,Candidate #95 profile
96,9,Java,excellent,Candidate #96 profile
97,10,JavaScript,good,Candidate #97 profile
98,11,Go,strong,Candidate #98 profile
99,12,Rust,clear,Candidate #99 profile
100,3,Python,excellent,Candidate #100 profile
101,4,Java,good,Candidate #101 profile
102,5,JavaScript,strong,Candidate #102 profile
103,6,Go,clear,Candidate #103 profile
104,7,Rust,excellent,Candidate #104 profile
105,8,Python,good,Candidate #105 profile
106,9,Java,strong,Candidate #106 profile
107,10,JavaScript,clear,Candidate #107 profile
108,11,Go,excellent,Candidate #108 profile
109,12,Rust,good,Candidate #109 profile
110,3,Python,strong,Candidate #110 profile
111,4,Java,clear,Candidate #111 profile
112,5,JavaScript,excellent,Candidate #112 profile
113,6,Go,good,Candidate #113 profile
114,7,Rust,strong,Candidate #114 profile
115,8,Python,clear,Candidate #115 profile
116,9,Java,excellent,Candidate #116 profile
117,10,JavaScript,good,Candidate #117 profile
118,11,Go,strong,Candidate #118 profile
119,12,Rust,clear,Candidate #119 profile
120,3,Python,excellent,Candidate #120 profile
121,4,Java,good,Candidate #121 profile
122,5,JavaScript,strong,Candidate #122 profile
123,6,Go,clear,Candidate #123 profile
124,7,Rust,excellent,Candidate #124 profile
125,8,Python,good,Candidate #125 profile
126,9,Java,strong,Candidate #126 profile
127,10,JavaScript,clear,Candidate #127 profile
128,11,Go,excellent,Candidate #128 profile
129,12,Rust,good,Candidate #129 profile
130,3,Python,strong,Candidate #130 profile
131,4,Java,clear,Candidate #131 profile
132,5,JavaScript,excellent,Candidate #132 profile
133,6,Go,good,Candidate #133 profile
134,7,Rust,strong,Candidate #134 profile
135,8,Python,clear,Candidate #135 profile
136,9,Java,excellent,Candidate #136 profile
137,10,JavaScript,good,Candidate #137 profile
138,11,Go,strong,Candidate #138 profile
139,12,Rust,clear,Candidate #139 profile
140,3,Python,excellent,Candidate #140 profile
141,4,Java,good,Candidate #141 profile
142,5,JavaScript,strong,Candidate #142 profile
143,6,Go,clear,Candidate #143 profile
144,7,Rust,excellent,Candidate #144 profile
145,8,Python,good,Candidate #145 profile
146,9,Java,strong,Candidate #146 profile
147,10,JavaScript,clear,Candidate #147 profile
148,11,Go,excellent,Candidate #148 profile
149,12,Rust,good,Candidate #149 profile
150,3,Python,strong,Candidate #150 profile
151,4,Java,clear,Candidate #151 profile
152,5,JavaScript,excellent,Candidate #152 profile
153,6,Go,good,Candidate #153 profile
154,7,Rust,strong,Candidate #154 profile
155,8,Python,clear,Candidate #155 profile
156,9,Java,excellent,Candidate #156 profile
157,10,JavaScript,good,Candidate #157 profile
158,11,Go,strong,Candidate #158 profile
159,12,Rust,clear,Candidate #159 profile
160,3,Python,excellent,Candidate #160 profile
161,4,Java,good,Candidate #161 profile
162,5,JavaScript,strong,Candidate #162 profile
163,6,Go,clear,Candidate #163 profile
164,7,Rust,excellent,Candidate #164 profile
165,8,Python,good,Candidate #165 profile
166,9,Java,strong,Candidate #166 profile
167,10,JavaScript,clear,Candidate #167 profile
168,11,Go,excellent,Candidate #168 profile
169,12,Rust,good,Candidate #169 profile
170,3,Python,strong,Candidate #170 profile
171,4,Java,clear,Candidate #171 profile
172,5,JavaScript,excellent,Candidate #172 profile
173,6,Go,good,Candidate #173 profile
174,7,Rust,strong,Candidate #174 profile
175,8,Python,clear,Candidate #175 profile
176,9,Java,excellent,Candidate #176 profile
177,10,JavaScript,good,Candidate #177 profile
178,11,Go,strong,Candidate #178 profile
179,12,Rust,clear,Candidate #179 profile
180,3,Python,excellent,Candidate #180 profile
181,4,Java,good,Candidate #181 profile
182,5,JavaScript,strong,Candidate #182 profile
183,6,Go,clear,Candidate #183 profile
184,7,Rust,excellent,Candidate #184 profile
185,8,Python,good,Candidate #185 profile
186,9,Java,strong,Candidate #186 profile
187,10,JavaScript,clear,Candidate #187 profile
188,11,Go,excellent,Candidate #188 profile
189,12,Rust,good,Candidate #189 profile
190,3,Python,strong,Candidate #190 profile
191,4,Java,clear,Candidate #191 profile
192,5,JavaScript,excellent,Candidate #192 profile
193,6,Go,good,Candidate #193 profile
194,7,Rust,strong,Candidate #194 profile
195,8,Python,clear,Candidate #195 profile
196,9,Java,excellent,Candidate #196 profile
197,10,JavaScript,good,Candidate #197 profile
198,11,Go,strong,Candidate #198 profile
199,12,Rust,clear,Candidate #199 profile
200,3,Python,excellent,Candidate #200 profile
201,4,Java,good,Candidate #201 profile
202,5,JavaScript,strong,Candidate #202 profile
203,6,Go,clear,Candidate #203 profile
204,7,Rust,excellent,Candidate #204 profile
205,8,Python,good,Candidate #205 profile
206,9,Java,strong,Candidate #206 profile
207,10,JavaScript,clear,Candidate #207 profile
208,11,Go,excellent,Candidate #208 profile
209,12,Rust,good,Candidate #209 profile
210,3,Python,strong,Candidate #210 profile
211,4,Java,clear,Candidate #211 profile
212,5,JavaScript,excellent,Candidate #212 profile
213,6,Go,good,Candidate #213 profile
214,7,Rust,strong,Candidate #214 profile
215,8,Python,clear,Candidate #215 profile
216,9,Java,excellent,Candidate #216 profile
217,10,JavaScript,good,Candidate #217 profile
218,11,Go,strong,Candidate #218 profile
219,12,Rust,clear,Candidate #219 profile
220,3,Python,excellent,Candidate #220 profile
221,4,Java,good,Candidate #221 profile
222,5,JavaScript,strong,Candidate #222 profile
223,6,Go,clear,Candidate #223 profile
224,7,Rust,excellent,Candidate #224 profile
225,8,Python,good,Candidate #225 profile
226,9,Java,strong,Candidate #226 profile
227,10,JavaScript,clear,Candidate #227 profile
228,11,Go,excellent,Candidate #228 profile
229,12,Rust,good,Candidate #229 profile
230,3,Python,strong,Candidate #230 profile
231,4,Java,clear,Candidate #231 profile
232,5,JavaScript,excellent,Candidate #232 profile
233,6,Go,good,Candidate #233 profile
234,7,Rust,strong,Candidate #234 profile
235,8,Python,clear,Candidate #235 profile
236,9,Java,excellent,Candidate #236 profile
237,10,JavaScript,good,Candidate #237 profile
238,11,Go,strong,Candidate #238 profile
239,12,Rust,clear,Candidate #239 profile
240,3,Python,excellent,Candidate #240 profile
241,4,Java,good,Candidate #241 profile
242,5,JavaScript,strong,Candidate #242 profile
243,6,Go,clear,Candidate #243 profile
244,7,Rust,excellent,Candidate #244 profile
245,8,Python,good,Candidate #245 profile
246,9,Java,strong,Candidate #246 profile
247,10,JavaScript,clear,Candidate #247 profile
248,11,Go,excellent,Candidate #248 profile
249,12,Rust,good,Candidate #249 profile
250,3,Python,strong,Candidate #250 profile
251,4,Java,clear,Candidate #251 profile
252,5,JavaScript,excellent,Candidate #252 profile
253,6,Go,good,Candidate #253 profile
254,7,Rust,strong,Candidate #254 profile
255,8,Python,clear,Candidate #255 profile
256,9,Java,excellent,Candidate #256 profile
257,10,JavaScript,good,Candidate #257 profile
258,11,Go,strong,Candidate #258 profile
259,12,Rust,clear,Candidate #259 profile
260,3,Python,excellent,Candidate #260 profile
261,4,Java,good,Candidate #261 profile
262,5,JavaScript,strong,Candidate #262 profile
263,6,Go,clear,Candidate #263 profile
264,7,Rust,excellent,Candidate #264 profile
265,8,Python,good,Candidate #265 profile
266,9,Java,strong,Candidate #266 profile
267,10,JavaScript,clear,Candidate #267 profile
268,11,Go,excellent,Candidate #268 profile
269,12,Rust,good,Candidate #269 profile
270,3,Python,strong,Candidate #270 profile
271,4,Java,clear,Candidate #271 profile
272,5,JavaScript,excellent,Candidate #272 profile
273,6,Go,good,Candidate #273 profile
274,7,Rust,strong,Candidate #274 profile
275,8,Python,clear,Candidate #275 profile
276,9,Java,excellent,Candidate #276 profile
277,10,JavaScript,good,Candidate #277 profile
278,11,Go,strong,Candidate #278 profile
279,12,Rust,clear,Candidate #279 profile
280,3,Python,excellent,Candidate #280 profile
281,4,Java,good,Candidate #281 profile
282,5,JavaScript,strong,Candidate #282 profile
283,6,Go,clear,Candidate #283 profile
284,7,Rust,excellent,Candidate #284 profile
285,8,Python,good,Candidate #285 profile
286,9,Java,strong,Candidate #286 profile
287,10,JavaScript,clear,Candidate #287 profile
288,11,Go,excellent,Candidate #288 profile
289,12,Rust,good,Candidate #289 profile
290,3,Python,strong,Candidate #290 profile
291,4,Java,clear,Candidate #291 profile
292,5,JavaScript,excellent,Candidate #292 profile
293,6,Go,good,Candidate #293 profile
294,7,Rust,strong,Candidate #294 profile
295,8,Python,clear,Candidate #295 profile
296,9,Java,excellent,Candidate #296 profile
297,10,JavaScript,good,Candidate #297 profile
298,11,Go,strong,Candidate #298 profile
299,12,Rust,clear,Candidate #299 profile
300,3,Python,excellent,Candidate #300 profile
301,4,Java,good,Candidate #301 profile
302,5,JavaScript,strong,Candidate #302 profile
303,6,Go,clear,Candidate #303 profile
304,7,Rust,excellent,Candidate #304 profile
305,8,Python,good,Candidate #305 profile
306,9,Java,strong,Candidate #306 profile
307,10,JavaScript,clear,Candidate #307 profile
308,11,Go,excellent,Candidate #308 profile
309,12,Rust,good,Candidate #309 profile
310,3,Python,strong,Candidate #310 profile
311,4,Java,clear,Candidate #311 profile
312,5,JavaScript,excellent,Candidate #312 profile
313,6,Go,good,Candidate #313 profile
314,7,Rust,strong,Candidate #314 profile
315,8,Python,clear,Candidate #315 profile
316,9,Java,excellent,Candidate #316 profile
317,10,JavaScript,good,Candidate #317 profile
318,11,Go,strong,Candidate #318 profile
319,12,Rust,clear,Candidate #319 profile
320,3,Python,excellent,Candidate #320 profile
321,4,Java,good,Candidate #321 profile
322,5,JavaScript,strong,Candidate #322 profile
323,6,Go,clear,Candidate #323 profile
324,7,Rust,excellent,Candidate #324 profile
325,8,Python,good,Candidate #325 profile
326,9,Java,strong,Candidate #326 profile
327,10,JavaScript,clear,Candidate #327 profile
328,11,Go,excellent,Candidate #328 profile
329,12,Rust,good,Candidate #329 profile
330,3,Python,strong,Candidate #330 profile
331,4,Java,clear,Candidate #331 profile
332,5,JavaScript,excellent,Candidate #332 profile
333,6,Go,good,Candidate #333 profile
334,7,Rust,strong,Candidate #334 profile
335,8,Python,clear,Candidate #335 profile
336,9,Java,excellent,Candidate #336 profile
337,10,JavaScript,good,Candidate #337 profile
338,11,Go,strong,Candidate #338 profile
339,12,Rust,clear,Candidate #339 profile
340,3,Python,excellent,Candidate #340 profile
341,4,Java,good,Candidate #341 profile
342,5,JavaScript,strong,Candidate #342 profile
343,6,Go,clear,Candidate #343 profile
344,7,Rust,excellent,Candidate #344 profile
345,8,Python,good,Candidate #345 profile
346,9,Java,strong,Candidate #346 profile
347,10,JavaScript,clear,Candidate #347 profile
348,11,Go,excellent,Candidate #348 profile
349,12,Rust,good,Candidate #349 profile
350,3,Python,strong,Candidate #350 profile
351,4,Java,clear,Candidate #351 profile
352,5,JavaScript,excellent,Candidate #352 profile
353,6,Go,good,Candidate #353 profile
354,7,Rust,strong,Candidate #354 profile
355,8,Python,clear,Candidate #355 profile
356,9,Java,excellent,Candidate #356 profile
357,10,JavaScript,good,Candidate #357 profile
358,11,Go,strong,Candidate #358 profile
359,12,Rust,clear,Candidate #359 profile
360,3,Python,excellent,Candidate #360 profile
361,4,Java,good,Candidate #361 profile
362,5,JavaScript,strong,Candidate #362 profile
363,6,Go,clear,Candidate #363 profile
364,7,Rust,excellent,Candidate #364 profile
365,8,Python,good,Candidate #365 profile
366,9,Java,strong,Candidate #366 profile
367,10,JavaScript,clear,Candidate #367 profile
368,11,Go,excellent,Candidate #368 profile
369,12,Rust,good,Candidate #369 profile
370,3,Python,strong,Candidate #370 profile
371,4,Java,clear,Candidate #371 profile
372,5,JavaScript,excellent,Candidate #372 profile
373,6,Go,good,Candidate #373 profile
374,7,Rust,strong,Candidate #374 profile
375,8,Python,clear,Candidate #375 profile
376,9,Java,excellent,Candidate #376 profile
377,10,JavaScript,good,Candidate #377 profile
378,11,Go,strong,Candidate #378 profile
379,12,Rust,clear,Candidate #379 profile
380,3,Python,excellent,Candidate #380 profile
381,4,Java,good,Candidate #381 profile
382,5,JavaScript,strong,Candidate #382 profile
383,6,Go,clear,Candidate #383 profile
384,7,Rust,excellent,Candidate #384 profile
385,8,Python,good,Candidate #385 profile
386,9,Java,strong,Candidate #386 profile
387,10,JavaScript,clear,Candidate #387 profile
388,11,Go,excellent,Candidate #388 profile
389,12,Rust,good,Candidate #389 profile
390,3,Python,strong,Candidate #390 profile
391,4,Java,clear,Candidate #391 profile
392,5,JavaScript,excellent,Candidate #392 profile
393,6,Go,good,Candidate #393 profile
394,7,Rust,strong,Candidate #394 profile
395,8,Python,clear,Candidate #395 profile
396,9,Java,excellent,Candidate #396 profile
397,10,JavaScript,good,Candidate #397 profile
398,11,Go,strong,Candidate #398 profile
399,12,Rust,clear,Candidate #399 profile
400,3,Python,excellent,Candidate #400 profile
401,4,Java,good,Candidate #401 profile
402,5,JavaScript,strong,Candidate #402 profile
403,6,Go,clear,Candidate #403 profile
404,7,Rust,excellent,Candidate #404 profile
405,8,Python,good,Candidate #405 profile
406,9,Java,strong,Candidate #406 profile
407,10,JavaScript,clear,Candidate #407 profile
408,11,Go,excellent,Candidate #408 profile
409,12,Rust,good,Candidate #409 profile
410,3,Python,strong,Candidate #410 profile
411,4,Java,clear,Candidate #411 profile
412,5,JavaScript,excellent,Candidate #412 profile
413,6,Go,good,Candidate #413 profile
414,7,Rust,strong,Candidate #414 profile
415,8,Python,clear,Candidate #415 profile
416,9,Java,excellent,Candidate #416 profile
417,10,JavaScript,good,Candidate #417 profile
418,11,Go,strong,Candidate #418 profile
419,12,Rust,clear,Candidate #419 profile
420,3,Python,excellent,Candidate #420 profile
421,4,Java,good,Candidate #421 profile
422,5,JavaScript,strong,Candidate #422 profile
423,6,Go,clear,Candidate #423 profile
424,7,Rust,excellent,Candidate #424 profile
425,8,Python,good,Candidate #425 profile
426,9,Java,strong,Candidate #426 profile
427,10,JavaScript,clear,Candidate #427 profile
428,11,Go,excellent,Candidate #428 profile
429,12,Rust,good,Candidate #429 profile
430,3,Python,strong,Candidate #430 profile
431,4,Java,clear,Candidate #431 profile
432,5,JavaScript,excellent,Candidate #432 profile
433,6,Go,good,Candidate #433 profile
434,7,Rust,strong,Candidate #434 profile
435,8,Python,clear,Candidate #435 profile
436,9,Java,excellent,Candidate #436 profile
437,10,JavaScript,good,Candidate #437 profile
438,11,Go,strong,Candidate #438 profile
439,12,Rust,clear,Candidate #439 profile
440,3,Python,excellent,Candidate #440 profile
441,4,Java,good,Candidate #441 profile
442,5,JavaScript,strong,Candidate #442 profile
443,6,Go,clear,Candidate #443 profile
444,7,Rust,excellent,Candidate #444 profile
445,8,Python,good,Candidate #445 profile
446,9,Java,strong,Candidate #446 profile
447,10,JavaScript,clear,Candidate #447 profile
448,11,Go,excellent,Candidate #448 profile
449,12,Rust,good,Candidate #449 profile
450,3,Python,strong,Candidate #450 profile
451,4,Java,clear,Candidate #451 profile
452,5,JavaScript,excellent,Candidate #452 profile
453,6,Go,good,Candidate #453 profile
454,7,Rust,strong,Candidate #454 profile
455,8,Python,clear,Candidate #455 profile
456,9,Java,excellent,Candidate #456 profile
457,10,JavaScript,good,Candidate #457 profile
458,11,Go,strong,Candidate #458 profile
459,12,Rust,clear,Candidate #459 profile
460,3,Python,excellent,Candidate #460 profile
461,4,Java,good,Candidate #461 profile
462,5,JavaScript,strong,Candidate #462 profile
463,6,Go,clear,Candidate #463 profile
464,7,Rust,excellent,Candidate #464 profile
465,8,Python,good,Candidate #465 profile
466,9,Java,strong,Candidate #466 profile
467,10,JavaScript,clear,Candidate #467 profile
468,11,Go,excellent,Candidate #468 profile
469,12,Rust,good,Candidate #469 profile
470,3,Python,strong,Candidate #470 profile
471,4,Java,clear,Candidate #471 profile
472,5,JavaScript,excellent,Candidate #472 profile
473,6,Go,good,Candidate #473 profile
474,7,Rust,strong,Candidate #474 profile
475,8,Python,clear,Candidate #475 profile
476,9,Java,excellent,Candidate #476 profile
477,10,JavaScript,good,Candidate #477 profile
478,11,Go,strong,Candidate #478 profile
479,12,Rust,clear,Candidate #479 profile
480,3,Python,excellent,Candidate #480 profile
481,4,Java,good,Candidate #481 profile
482,5,JavaScript,strong,Candidate #482 profile
483,6,Go,clear,Candidate #483 profile
484,7,Rust,excellent,Candidate #484 profile
485,8,Python,good,Candidate #485 profile
486,9,Java,strong,Candidate #486 profile
487,10,JavaScript,clear,Candidate #487 profile
488,11,Go,excellent,Candidate #488 profile
489,12,Rust,good,Candidate #489 profile
490,3,Python,strong,Candidate #490 profile
491,4,Java,clear,Candidate #491 profile
492,5,JavaScript,excellent,Candidate #492 profile
493,6,Go,good,Candidate #493 profile
494,7,Rust,strong,Candidate #494 profile
495,8,Python,clear,Candidate #495 profile
496,9,Java,excellent,Candidate #496 profile
497,10,JavaScript,good,Candidate #497 profile
498,11,Go,strong,Candidate #498 profile
499,12,Rust,clear,Candidate #499 profile
500,3,Python,excellent,Candidate #500 profile
501,4,Java,good,Candidate #501 profile
502,5,JavaScript,strong,Candidate #502 profile
503,6,Go,clear,Candidate #503 profile
504,7,Rust,excellent,Candidate #504 profile
505,8,Python,good,Candidate #505 profile
506,9,Java,strong,Candidate #506 profile
507,10,JavaScript,clear,Candidate #507 profile
508,11,Go,excellent,Candidate #508 profile
509,12,Rust,good,Candidate #509 profile
510,3,Python,strong,Candidate #510 profile
511,4,Java,clear,Candidate #511 profile
512,5,JavaScript,excellent,Candidate #512 profile
513,6,Go,good,Candidate #513 profile
514,7,Rust,strong,Candidate #514 profile
515,8,Python,clear,Candidate #515 profile
516,9,Java,excellent,Candidate #516 profile
517,10,JavaScript,good,Candidate #517 profile
518,11,Go,strong,Candidate #518 profile
519,12,Rust,clear,Candidate #519 profile
520,3,Python,excellent,Candidate #520 profile
521,4,Java,good,Candidate #521 profile
522,5,JavaScript,strong,Candidate #522 profile
523,6,Go,clear,Candidate #523 profile
524,7,Rust,excellent,Candidate #524 profile
525,8,Python,good,Candidate #525 profile
526,9,Java,strong,Candidate #526 profile
527,10,JavaScript,clear,Candidate #527 profile
528,11,Go,excellent,Candidate #528 profile
529,12,Rust,good,Candidate #529 profile
530,3,Python,strong,Candidate #530 profile
531,4,Java,clear,Candidate #531 profile
532,5,JavaScript,excellent,Candidate #532 profile
533,6,Go,good,Candidate #533 profile
534,7,Rust,strong,Candidate #534 profile
535,8,Python,clear,Candidate #535 profile
536,9,Java,excellent,Candidate #536 profile
537,10,JavaScript,good,Candidate #537 profile
538,11,Go,strong,Candidate #538 profile
539,12,Rust,clear,Candidate #539 profile
540,3,Python,excellent,Candidate #540 profile
541,4,Java,good,Candidate #541 profile
542,5,JavaScript,strong,Candidate #542 profile
543,6,Go,clear,Candidate #543 profile
544,7,Rust,excellent,Candidate #544 profile
545,8,Python,good,Candidate #545 profile
546,9,Java,strong,Candidate #546 profile
547,10,JavaScript,clear,Candidate #547 profile
548,11,Go,excellent,Candidate #548 profile
549,12,Rust,good,Candidate #549 profile
550,3,Python,strong,Candidate #550 profile
551,4,Java,clear,Candidate #551 profile
552,5,JavaScript,excellent,Candidate #552 profile
553,6,Go,good,Candidate #553 profile
554,7,Rust,strong,Candidate #554 profile
555,8,Python,clear,Candidate #555 profile
556,9,Java,excellent,Candidate #556 profile
557,10,JavaScript,good,Candidate #557 profile
558,11,Go,strong,Candidate #558 profile
559,12,Rust,clear,Candidate #559 profile
560,3,Python,excellent,Candidate #560 profile
561,4,Java,good,Candidate #561 profile
562,5,JavaScript,strong,Candidate #562 profile
563,6,Go,clear,Candidate #563 profile
564,7,Rust,excellent,Candidate #564 profile
565,8,Python,good,Candidate #565 profile
566,9,Java,strong,Candidate #566 profile
567,10,JavaScript,clear,Candidate #567 profile
568,11,Go,excellent,Candidate #568 profile
569,12,Rust,good,Candidate #569 profile
570,3,Python,strong,Candidate #570 profile
571,4,Java,clear,Candidate #571 profile
572,5,JavaScript,excellent,Candidate #572 profile
573,6,Go,good,Candidate #573 profile
574,7,Rust,strong,Candidate #574 profile
575,8,Python,clear,Candidate #575 profile
576,9,Java,excellent,Candidate #576 profile
577,10,JavaScript,good,Candidate #577 profile
578,11,Go,strong,Candidate #578 profile
579,12,Rust,clear,Candidate #579 profile
580,3,Python,excellent,Candidate #580 profile
581,4,Java,good,Candidate #581 profile
582,5,JavaScript,strong,Candidate #582 profile
583,6,Go,clear,Candidate #583 profile
584,7,Rust,excellent,Candidate #584 profile
585,8,Python,good,Candidate #585 profile
586,9,Java,strong,Candidate #586 profile
587,10,JavaScript,clear,Candidate #587 profile
588,11,Go,excellent,Candidate #588 profile
589,12,Rust,good,Candidate #589 profile
590,3,Python,strong,Candidate #590 profile
591,4,Java,clear,Candidate #591 profile
592,5,JavaScript,excellent,Candidate #592 profile
593,6,Go,good,Candidate #593 profile
594,7,Rust,strong,Candidate #594 profile
595,8,Python,clear,Candidate #595 profile
596,9,Java,excellent,Candidate #596 profile
597,10,JavaScript,good,Candidate #597 profile
598,11,Go,strong,Candidate #598 profile
599,12,Rust,clear,Candidate #599 profile
600,3,Python,excellent,Candidate #600 profile
601,4,Java,good,Candidate #601 profile
602,5,JavaScript,strong,Candidate #602 profile
603,6,Go,clear,Candidate #603 profile
604,7,Rust,excellent,Candidate #604 profile
605,8,Python,good,Candidate #605 profile
606,9,Java,strong,Candidate #606 profile
607,10,JavaScript,clear,Candidate #607 profile
608,11,Go,excellent,Candidate #608 profile
609,12,Rust,good,Candidate #609 profile
610,3,Python,strong,Candidate #610 profile
611,4,Java,clear,Candidate #611 profile
612,5,JavaScript,excellent,Candidate #612 profile
613,6,Go,good,Candidate #613 profile
614,7,Rust,strong,Candidate #614 profile
615,8,Python,clear,Candidate #615 profile
616,9,Java,excellent,Candidate #616 profile
617,10,JavaScript,good,Candidate #617 profile
618,11,Go,strong,Candidate #618 profile
619,12,Rust,clear,Candidate #619 profile
620,3,Python,excellent,Candidate #620 profile
621,4,Java,good,Candidate #621 profile
622,5,JavaScript,strong,Candidate #622 profile
623,6,Go,clear,Candidate #623 profile
624,7,Rust,excellent,Candidate #624 profile
625,8,Python,good,Candidate #625 profile
626,9,Java,strong,Candidate #626 profile
627,10,JavaScript,clear,Candidate #627 profile
628,11,Go,excellent,Candidate #628 profile
629,12,Rust,good,Candidate #629 profile
630,3,Python,strong,Candidate #630 profile
631,4,Java,clear,Candidate #631 profile
632,5,JavaScript,excellent,Candidate #632 profile
633,6,Go,good,Candidate #633 profile
634,7,Rust,strong,Candidate #634 profile
635,8,Python,clear,Candidate #635 profile
636,9,Java,excellent,Candidate #636 profile
637,10,JavaScript,good,Candidate #637 profile
638,11,Go,strong,Candidate #638 profile
639,12,Rust,clear,Candidate #639 profile
640,3,Python,excellent,Candidate #640 profile
641,4,Java,good,Candidate #641 profile
642,5,JavaScript,strong,Candidate #642 profile
643,6,Go,clear,Candidate #643 profile
644,7,Rust,excellent,Candidate #644 profile
645,8,Python,good,Candidate #645 profile
646,9,Java,strong,Candidate #646 profile
647,10,JavaScript,clear,Candidate #647 profile
648,11,Go,excellent,Candidate #648 profile
649,12,Rust,good,Candidate #649 profile
650,3,Python,strong,Candidate #650 profile
651,4,Java,clear,Candidate #651 profile
652,5,JavaScript,excellent,Candidate #652 profile
653,6,Go,good,Candidate #653 profile
654,7,Rust,strong,Candidate #654 profile
655,8,Python,clear,Candidate #655 profile
656,9,Java,excellent,Candidate #656 profile
657,10,JavaScript,good,Candidate #657 profile
658,11,Go,strong,Candidate #658 profile
659,12,Rust,clear,Candidate #659 profile
660,3,Python,excellent,Candidate #660 profile
661,4,Java,good,Candidate #661 profile
662,5,JavaScript,strong,Candidate #662 profile
663,6,Go,clear,Candidate #663 profile
664,7,Rust,excellent,Candidate #664 profile
665,8,Python,good,Candidate #665 profile
666,9,Java,strong,Candidate #666 profile
667,10,JavaScript,clear,Candidate #667 profile
668,11,Go,excellent,Candidate #668 profile
669,12,Rust,good,Candidate #669 profile
670,3,Python,strong,Candidate #670 profile
671,4,Java,clear,Candidate #671 profile
672,5,JavaScript,excellent,Candidate #672 profile
673,6,Go,good,Candidate #673 profile
674,7,Rust,strong,Candidate #674 profile
675,8,Python,clear,Candidate #675 profile
676,9,Java,excellent,Candidate #676 profile
677,10,JavaScript,good,Candidate #677 profile
678,11,Go,strong,Candidate #678 profile
679,12,Rust,clear,Candidate #679 profile
680,3,Python,excellent,Candidate #680 profile
681,4,Java,good,Candidate #681 profile
682,5,JavaScript,strong,Candidate #682 profile
683,6,Go,clear,Candidate #683 profile
684,7,Rust,excellent,Candidate #684 profile
685,8,Python,good,Candidate #685 profile
686,9,Java,strong,Candidate #686 profile
687,10,JavaScript,clear,Candidate #687 profile
688,11,Go,excellent,Candidate #688 profile
689,12,Rust,good,Candidate #689 profile
690,3,Python,strong,Candidate #690 profile
691,4,Java,clear,Candidate #691 profile
692,5,JavaScript,excellent,Candidate #692 profile
693,6,Go,good,Candidate #693 profile
694,7,Rust,strong,Candidate #694 profile
695,8,Python,clear,Candidate #695 profile
696,9,Java,excellent,Candidate #696 profile
697,10,JavaScript,good,Candidate #697 profile
698,11,Go,strong,Candidate #698 profile
699,12,Rust,clear,Candidate #699 profile
700,3,Python,excellent,Candidate #700 profile
701,4,Java,good,Candidate #701 profile
702,5,JavaScript,strong,Candidate #702 profile
703,6,Go,clear,Candidate #703 profile
704,7,Rust,excellent,Candidate #704 profile
705,8,Python,good,Candidate #705 profile
706,9,Java,strong,Candidate #706 profile
707,10,JavaScript,clear,Candidate #707 profile
708,11,Go,excellent,Candidate #708 profile
709,12,Rust,good,Candidate #709 profile
710,3,Python,strong,Candidate #710 profile
711,4,Java,clear,Candidate #711 profile
712,5,JavaScript,excellent,Candidate #712 profile
713,6,Go,good,Candidate #713 profile
714,7,Rust,strong,Candidate #714 profile
715,8,Python,clear,Candidate #715 profile
716,9,Java,excellent,Candidate #716 profile
717,10,JavaScript,good,Candidate #717 profile
718,11,Go,strong,Candidate #718 profile
719,12,Rust,clear,Candidate #719 profile
720,3,Python,excellent,Candidate #720 profile
721,4,Java,good,Candidate #721 profile
722,5,JavaScript,strong,Candidate #722 profile
723,6,Go,clear,Candidate #723 profile
724,7,Rust,excellent,Candidate #724 profile
725,8,Python,good,Candidate #725 profile
726,9,Java,strong,Candidate #726 profile
727,10,JavaScript,clear,Candidate #727 profile
728,11,Go,excellent,Candidate #728 profile
729,12,Rust,good,Candidate #729 profile
730,3,Python,strong,Candidate #730 profile
731,4,Java,clear,Candidate #731 profile
732,5,JavaScript,excellent,Candidate #732 profile
733,6,Go,good,Candidate #733 profile
734,7,Rust,strong,Candidate #734 profile
735,8,Python,clear,Candidate #735 profile
736,9,Java,excellent,Candidate #736 profile
737,10,JavaScript,good,Candidate #737 profile
738,11,Go,strong,Candidate #738 profile
739,12,Rust,clear,Candidate #739 profile
740,3,Python,excellent,Candidate #740 profile
741,4,Java,good,Candidate #741 profile
742,5,JavaScript,strong,Candidate #742 profile
743,6,Go,clear,Candidate #743 profile
744,7,Rust,excellent,Candidate #744 profile
745,8,Python,good,Candidate #745 profile
746,9,Java,strong,Candidate #746 profile
747,10,JavaScript,clear,Candidate #747 profile
748,11,Go,excellent,Candidate #748 profile
749,12,Rust,good,Candidate #749 profile
750,3,Python,strong,Candidate #750 profile
751,4,Java,clear,Candidate #751 profile
752,5,JavaScript,excellent,Candidate #752 profile
753,6,Go,good,Candidate #753 profile
754,7,Rust,strong,Candidate #754 profile
755,8,Python,clear,Candidate #755 profile
756,9,Java,excellent,Candidate #756 profile
757,10,JavaScript,good,Candidate #757 profile
758,11,Go,strong,Candidate #758 profile
759,12,Rust,clear,Candidate #759 profile
760,3,Python,excellent,Candidate #760 profile
761,4,Java,good,Candidate #761 profile
762,5,JavaScript,strong,Candidate #762 profile
763,6,Go,clear,Candidate #763 profile
764,7,Rust,excellent,Candidate #764 profile
765,8,Python,good,Candidate #765 profile
766,9,Java,strong,Candidate #766 profile
767,10,JavaScript,clear,Candidate #767 profile
768,11,Go,excellent,Candidate #768 profile
769,12,Rust,good,Candidate #769 profile
770,3,Python,strong,Candidate #770 profile
771,4,Java,clear,Candidate #771 profile
772,5,JavaScript,excellent,Candidate #772 profile
773,6,Go,good,Candidate #773 profile
774,7,Rust,strong,Candidate #774 profile
775,8,Python,clear,Candidate #775 profile
776,9,Java,excellent,Candidate #776 profile
777,10,JavaScript,good,Candidate #777 profile
778,11,Go,strong,Candidate #778 profile
779,12,Rust,clear,Candidate #779 profile
780,3,Python,excellent,Candidate #780 profile
781,4,Java,good,Candidate #781 profile
782,5,JavaScript,strong,Candidate #782 profile
783,6,Go,clear,Candidate #783 profile
784,7,Rust,excellent,Candidate #784 profile
785,8,Python,good,Candidate #785 profile
786,9,Java,strong,Candidate #786 profile
787,10,JavaScript,clear,Candidate #787 profile
788,11,Go,excellent,Candidate #788 profile
789,12,Rust,good,Candidate #789 profile
790,3,Python,strong,Candidate #790 profile
791,4,Java,clear,Candidate #791 profile
792,5,JavaScript,excellent,Candidate #792 profile
793,6,Go,good,Candidate #793 profile
794,7,Rust,strong,Candidate #794 profile
795,8,Python,clear,Candidate #795 profile
796,9,Java,excellent,Candidate #796 profile
797,10,JavaScript,good,Candidate #797 profile
798,11,Go,strong,Candidate #798 profile
799,12,Rust,clear,Candidate #799 profile
800,3,Python,excellent,Candidate #800 profile
801,4,Java,good,Candidate #801 profile
802,5,JavaScript,strong,Candidate #802 profile
803,6,Go,clear,Candidate #803 profile
804,7,Rust,excellent,Candidate #804 profile
805,8,Python,good,Candidate #805 profile
806,9,Java,strong,Candidate #806 profile
807,10,JavaScript,clear,Candidate #807 profile
808,11,Go,excellent,Candidate #808 profile
809,12,Rust,good,Candidate #809 profile
810,3,Python,strong,Candidate #810 profile
811,4,Java,clear,Candidate #811 profile
812,5,JavaScript,excellent,Candidate #812 profile
813,6,Go,good,Candidate #813 profile
814,7,Rust,strong,Candidate #814 profile
815,8,Python,clear,Candidate #815 profile
816,9,Java,excellent,Candidate #816 profile
817,10,JavaScript,good,Candidate #817 profile
818,11,Go,strong,Candidate #818 profile
819,12,Rust,clear,Candidate #819 profile
820,3,Python,excellent,Candidate #820 profile
821,4,Java,good,Candidate #821 profile
822,5,JavaScript,strong,Candidate #822 profile
823,6,Go,clear,Candidate #823 profile
824,7,Rust,excellent,Candidate #824 profile
825,8,Python,good,Candidate #825 profile
826,9,Java,strong,Candidate #826 profile
827,10,JavaScript,clear,Candidate #827 profile
828,11,Go,excellent,Candidate #828 profile
829,12,Rust,good,Candidate #829 profile
830,3,Python,strong,Candidate #830 profile
831,4,Java,clear,Candidate #831 profile
832,5,JavaScript,excellent,Candidate #832 profile
833,6,Go,good,Candidate #833 profile
834,7,Rust,strong,Candidate #834 profile
835,8,Python,clear,Candidate #835 profile
836,9,Java,excellent,Candidate #836 profile
837,10,JavaScript,good,Candidate #837 profile
838,11,Go,strong,Candidate #838 profile
839,12,Rust,clear,Candidate #839 profile
840,3,Python,excellent,Candidate #840 profile
841,4,Java,good,Candidate #841 profile
842,5,JavaScript,strong,Candidate #842 profile
843,6,Go,clear,Candidate #843 profile
844,7,Rust,excellent,Candidate #844 profile
845,8,Python,good,Candidate #845 profile
846,9,Java,strong,Candidate #846 profile
847,10,JavaScript,clear,Candidate #847 profile
848,11,Go,excellent,Candidate #848 profile
849,12,Rust,good,Candidate #849 profile
850,3,Python,strong,Candidate #850 profile
851,4,Java,clear,Candidate #851 profile
852,5,JavaScript,excellent,Candidate #852 profile
853,6,Go,good,Candidate #853 profile
854,7,Rust,strong,Candidate #854 profile
855,8,Python,clear,Candidate #855 profile
856,9,Java,excellent,Candidate #856 profile
857,10,JavaScript,good,Candidate #857 profile
858,11,Go,strong,Candidate #858 profile
859,12,Rust,clear,Candidate #859 profile
860,3,Python,excellent,Candidate #860 profile
861,4,Java,good,Candidate #861 profile
862,5,JavaScript,strong,Candidate #862 profile
863,6,Go,clear,Candidate #863 profile
864,7,Rust,excellent,Candidate #864 profile
865,8,Python,good,Candidate #865 profile
866,9,Java,strong,Candidate #866 profile
867,10,JavaScript,clear,Candidate #867 profile
868,11,Go,excellent,Candidate #868 profile
869,12,Rust,good,Candidate #869 profile
870,3,Python,strong,Candidate #870 profile
871,4,Java,clear,Candidate #871 profile
872,5,JavaScript,excellent,Candidate #872 profile
873,6,Go,good,Candidate #873 profile
874,7,Rust,strong,Candidate #874 profile
875,8,Python,clear,Candidate #875 profile
876,9,Java,excellent,Candidate #876 profile
877,10,JavaScript,good,Candidate #877 profile
878,11,Go,strong,Candidate #878 profile
879,12,Rust,clear,Candidate #879 profile
880,3,Python,excellent,Candidate #880 profile
881,4,Java,good,Candidate #881 profile
882,5,JavaScript,strong,Candidate #882 profile
883,6,Go,clear,Candidate #883 profile
884,7,Rust,excellent,Candidate #884 profile
885,8,Python,good,Candidate #885 profile
886,9,Java,strong,Candidate #886 profile
887,10,JavaScript,clear,Candidate #887 profile
888,11,Go,excellent,Candidate #888 profile
889,12,Rust,good,Candidate #889 profile
890,3,Python,strong,Candidate #890 profile
891,4,Java,clear,Candidate #891 profile
892,5,JavaScript,excellent,Candidate #892 profile
893,6,Go,good,Candidate #893 profile
894,7,Rust,strong,Candidate #894 profile
895,8,Python,clear,Candidate #895 profile
896,9,Java,excellent,Candidate #896 profile
897,10,JavaScript,good,Candidate #897 profile
898,11,Go,strong,Candidate #898 profile
899,12,Rust,clear,Candidate #899 profile
900,3,Python,excellent,Candidate #900 profile
901,4,Java,good,Candidate #901 profile
902,5,JavaScript,strong,Candidate #902 profile
903,6,Go,clear,Candidate #903 profile
904,7,Rust,excellent,Candidate #904 profile
905,8,Python,good,Candidate #905 profile
906,9,Java,strong,Candidate #906 profile
907,10,JavaScript,clear,Candidate #907 profile
908,11,Go,excellent,Candidate #908 profile
909,12,Rust,good,Candidate #909 profile
910,3,Python,strong,Candidate #910 profile
911,4,Java,clear,Candidate #911 profile
912,5,JavaScript,excellent,Candidate #912 profile
913,6,Go,good,Candidate #913 profile
914,7,Rust,strong,Candidate #914 profile
915,8,Python,clear,Candidate #915 profile
916,9,Java,excellent,Candidate #916 profile
917,10,JavaScript,good,Candidate #917 profile
918,11,Go,strong,Candidate #918 profile
919,12,Rust,clear,Candidate #919 profile
920,3,Python,excellent,Candidate #920 profile
921,4,Java,good,Candidate #921 profile
922,5,JavaScript,strong,Candidate #922 profile
923,6,Go,clear,Candidate #923 profile
924,7,Rust,excellent,Candidate #924 profile
925,8,Python,good,Candidate #925 profile
926,9,Java,strong,Candidate #926 profile
927,10,JavaScript,clear,Candidate #927 profile
928,11,Go,excellent,Candidate #928 profile
929,12,Rust,good,Candidate #929 profile
930,3,Python,strong,Candidate #930 profile
931,4,Java,clear,Candidate #931 profile
932,5,JavaScript,excellent,Candidate #932 profile
933,6,Go,good,Candidate #933 profile
934,7,Rust,strong,Candidate #934 profile
935,8,Python,clear,Candidate #935 profile
936,9,Java,excellent,Candidate #936 profile
937,10,JavaScript,good,Candidate #937 profile
938,11,Go,strong,Candidate #938 profile
939,12,Rust,clear,Candidate #939 profile
940,3,Python,excellent,Candidate #940 profile
941,4,Java,good,Candidate #941 profile
942,5,JavaScript,strong,Candidate #942 profile
943,6,Go,clear,Candidate #943 profile
944,7,Rust,excellent,Candidate #944 profile
945,8,Python,good,Candidate #945 profile
946,9,Java,strong,Candidate #946 profile
947,10,JavaScript,clear,Candidate #947 profile
948,11,Go,excellent,Candidate #948 profile
949,12,Rust,good,Candidate #949 profile
950,3,Python,strong,Candidate #950 profile
951,4,Java,clear,Candidate #951 profile
952,5,JavaScript,excellent,Candidate #952 profile
953,6,Go,good,Candidate #953 profile
954,7,Rust,strong,Candidate #954 profile
955,8,Python,clear,Candidate #955 profile
956,9,Java,excellent,Candidate #956 profile
957,10,JavaScript,good,Candidate #957 profile
958,11,Go,strong,Candidate #958 profile
959,12,Rust,clear,Candidate #959 profile
960,3,Python,excellent,Candidate #960 profile
961,4,Java,good,Candidate #961 profile
962,5,JavaScript,strong,Candidate #962 profile
963,6,Go,clear,Candidate #963 profile
964,7,Rust,excellent,Candidate #964 profile
965,8,Python,good,Candidate #965 profile
966,9,Java,strong,Candidate #966 profile
967,10,JavaScript,clear,Candidate #967 profile
968,11,Go,excellent,Candidate #968 profile
969,12,Rust,good,Candidate #969 profile
970,3,Python,strong,Candidate #970 profile
971,4,Java,clear,Candidate #971 profile
972,5,JavaScript,excellent,Candidate #972 profile
973,6,Go,good,Candidate #973 profile
974,7,Rust,strong,Candidate #974 profile
975,8,Python,clear,Candidate #975 profile
976,9,Java,excellent,Candidate #976 profile
977,10,JavaScript,good,Candidate #977 profile
978,11,Go,strong,Candidate #978 profile
979,12,Rust,clear,Candidate #979 profile
980,3,Python,excellent,Candidate #980 profile
981,4,Java,good,Candidate #981 profile
982,5,JavaScript,strong,Candidate #982 profile
983,6,Go,clear,Candidate #983 profile
984,7,Rust,excellent,Candidate #984 profile
985,8,Python,good,Candidate #985 profile
986,9,Java,strong,Candidate #986 profile
987,10,JavaScript,clear,Candidate #987 profile
988,11,Go,excellent,Candidate #988 profile
989,12,Rust,good,Candidate #989 profile
990,3,Python,strong,Candidate #990 profile
991,4,Java,clear,Candidate #991 profile
992,5,JavaScript,excellent,Candidate #992 profile
993,6,Go,good,Candidate #993 profile
994,7,Rust,strong,Candidate #994 profile
995,8,Python,clear,Candidate #995 profile
996,9,Java,excellent,Candidate #996 profile
997,10,JavaScript,good,Candidate #997 profile
998,11,Go,strong,Candidate #998 profile
999,12,Rust,clear,Candidate #999 profile
1000,3,Python,excellent,Candidate #1000 profile
